{"cameraMode":{"drawMode":0,"name":"Shaded","section":"Shading Mode"},"sceneLighting":false,"audioPlay":false,"sceneViewState":{"showFog":false,"showMaterialUpdate":true,"showSkybox":false,"showFlares":true,"showImageEffects":true,"showParticleSystems":true},"in2DMode":false,"pivot":{"x":73.30000305175781,"y":0.0010000000474974514,"z":33.80000305175781},"rotation":{"x":-0.07212160527706146,"y":-0.4889362156391144,"z":0.04072851315140724,"w":-0.8698916435241699},"size":186.6761932373047,"orthographic":false}