{"cameraMode":{"drawMode":0,"name":"Shaded","section":"Shading Mode"},"sceneLighting":false,"audioPlay":false,"sceneViewState":{"showFog":false,"showMaterialUpdate":true,"showSkybox":false,"showFlares":true,"showImageEffects":true,"showParticleSystems":true},"in2DMode":false,"pivot":{"x":64.48372650146485,"y":3.2377941608428957,"z":37.24032211303711},"rotation":{"x":0.019171204417943956,"y":-0.9055595993995667,"z":-0.03876205161213875,"w":-0.4253500998020172},"size":2.4750001430511476,"orthographic":false}