{"cameraMode":{"drawMode":0,"name":"Shaded","section":"Shading Mode"},"sceneLighting":false,"audioPlay":false,"sceneViewState":{"showFog":false,"showMaterialUpdate":true,"showSkybox":false,"showFlares":true,"showImageEffects":true,"showParticleSystems":true},"in2DMode":false,"pivot":{"x":4.377779006958008,"y":17.075820922851564,"z":2.5797743797302248},"rotation":{"x":-0.029725175350904466,"y":0.9344846606254578,"z":0.3526685833930969,"w":0.06604129076004029},"size":22.0,"orthographic":false}