{"cameraMode":{"drawMode":0,"name":"Shaded","section":"Shading Mode"},"sceneLighting":false,"audioPlay":false,"sceneViewState":{"showFog":false,"showMaterialUpdate":true,"showSkybox":false,"showFlares":true,"showImageEffects":true,"showParticleSystems":true},"in2DMode":false,"pivot":{"x":-0.05997490882873535,"y":0.0648777186870575,"z":0.8099123239517212},"rotation":{"x":0.16108699142932893,"y":0.505129873752594,"z":-0.09486784785985947,"w":0.8440256714820862},"size":0.8431536555290222,"orthographic":false}