{"cameraMode":{"drawMode":0,"name":"Shaded","section":"Shading Mode"},"sceneLighting":false,"audioPlay":false,"sceneViewState":{"showFog":false,"showMaterialUpdate":true,"showSkybox":false,"showFlares":true,"showImageEffects":true,"showParticleSystems":true},"in2DMode":false,"pivot":{"x":63.97011947631836,"y":3.1635262966156008,"z":38.16245651245117},"rotation":{"x":-0.0032970791216939689,"y":0.9720538854598999,"z":0.005140622146427631,"w":-0.24074698984622956},"size":2.3349103927612306,"orthographic":false}