{"cameraMode":{"drawMode":0,"name":"Shaded","section":"Shading Mode"},"sceneLighting":true,"audioPlay":false,"sceneViewState":{"showFog":false,"showMaterialUpdate":true,"showSkybox":true,"showFlares":true,"showImageEffects":true,"showParticleSystems":true},"in2DMode":false,"pivot":{"x":100.89962768554688,"y":8.648850440979004,"z":30.821308135986329},"rotation":{"x":-0.04305858910083771,"y":-0.8487862348556519,"z":0.07782900333404541,"w":-0.5244922637939453},"size":8.573651313781739,"orthographic":false}