{"cameraMode":{"drawMode":0,"name":"Shaded","section":"Shading Mode"},"sceneLighting":false,"audioPlay":false,"sceneViewState":{"showFog":false,"showMaterialUpdate":true,"showSkybox":false,"showFlares":true,"showImageEffects":true,"showParticleSystems":true},"in2DMode":false,"pivot":{"x":64.8814926147461,"y":3.1635260581970217,"z":37.898834228515628},"rotation":{"x":-0.008330809883773327,"y":-0.8390698432922363,"z":0.0146651491522789,"w":-0.5463542342185974},"size":15.335988998413086,"orthographic":false}