{"cameraMode":{"drawMode":0,"name":"Shaded","section":"Shading Mode"},"sceneLighting":false,"audioPlay":false,"sceneViewState":{"showFog":false,"showMaterialUpdate":true,"showSkybox":false,"showFlares":true,"showImageEffects":true,"showParticleSystems":true},"in2DMode":false,"pivot":{"x":-1.614709734916687,"y":2.999532461166382,"z":0.5341360569000244},"rotation":{"x":-0.20925273001194,"y":-0.09235546737909317,"z":0.023556968197226526,"w":-0.9747527241706848},"size":3.6465721130371095,"orthographic":false}